{"cameraMode":{"drawMode":0,"name":"Shaded","section":"Shading Mode"},"sceneLighting":true,"audioPlay":false,"sceneViewState":{"showFog":true,"showMaterialUpdate":false,"showSkybox":true,"showFlares":true,"showImageEffects":true,"showParticleSystems":true},"in2DMode":false,"pivot":{"x":3.0857231616973879,"y":2.4629571437835695,"z":-0.25564098358154299},"rotation":{"x":-0.000405402563046664,"y":0.9994641542434692,"z":0.013493639416992665,"w":0.029992900788784028},"size":5.9863762855529789,"orthographic":false}